"siRNA_name","siRNA","strand","transcript","gene_name","biotype","position","region","match_type","risk_score"
"hsiR20",NA,"guide","ENST00000426385.4","PMP22","protein_coding",359,"CDS","unknown",5
"hsiR20",NA,"guide","ENST00000652026.1",NA,NA,4687,"ncRNA","unknown",1
"hsiR20",NA,"guide","ENST00000652738.1",NA,NA,3882,"ncRNA","unknown",1
"hsiR20",NA,"guide","ENST00000335508.11","SF3B1","protein_coding",3136,"CDS","unknown",5
"hsiR20",NA,"guide","ENST00000254976.7","SNAP25","protein_coding",741,"CDS","unknown",5
"hsiR20",NA,"guide","ENST00000304886.6","SNAP25","protein_coding",738,"CDS","unknown",5
"hsiR20",NA,"guide","ENST00000685131.1",NA,NA,710,"ncRNA","unknown",1
"hsiR20",NA,"guide","ENST00000687785.1",NA,NA,864,"ncRNA","unknown",1
"hsiR20",NA,"guide","ENST00000689757.1",NA,NA,839,"ncRNA","unknown",1
"hsiR20",NA,"guide","ENST00000689858.1",NA,NA,764,"ncRNA","unknown",1
"hsiR20",NA,"guide","ENST00000690812.1",NA,NA,748,"ncRNA","unknown",1
"hsiR20",NA,"guide","ENST00000691161.1",NA,NA,916,"ncRNA","unknown",1
"hsiR20",NA,"guide","ENST00000691353.1",NA,NA,847,"ncRNA","unknown",1
"hsiR20",NA,"guide","ENST00000691665.1",NA,NA,868,"ncRNA","unknown",1
"hsiR20",NA,"guide","ENST00000692411.1",NA,NA,730,"ncRNA","unknown",1
"hsiR20",NA,"guide","ENST00000693325.1",NA,NA,811,"ncRNA","unknown",1
"hsiR20",NA,"guide","ENST00000706269.1",NA,NA,648,"ncRNA","unknown",1
"hsiR20",NA,"guide","ENST00000470268.2","SF3B1","retained_intron",4991,"ncRNA","unknown",1
"hsiR20",NA,"guide","ENST00000495883.1","SNAP25","processed_transcript",944,"ncRNA","unknown",1
"hsiR20",NA,"guide","ENST00000692697.1",NA,NA,2758,"ncRNA","unknown",1
"hsiR20",NA,"guide","ENST00000856447.1",NA,NA,795,"ncRNA","unknown",1
"hsiR20",NA,"guide","ENST00000856449.1",NA,NA,774,"ncRNA","unknown",1
"hsiR20",NA,"guide","ENST00000856450.1",NA,NA,768,"ncRNA","unknown",1
"hsiR20",NA,"guide","ENST00000856451.1",NA,NA,693,"ncRNA","unknown",1
"hsiR20",NA,"guide","ENST00000856452.1",NA,NA,798,"ncRNA","unknown",1
"hsiR20",NA,"guide","ENST00000856453.1",NA,NA,845,"ncRNA","unknown",1
"hsiR20",NA,"guide","ENST00000856454.1",NA,NA,796,"ncRNA","unknown",1
"hsiR20",NA,"guide","ENST00000856455.1",NA,NA,817,"ncRNA","unknown",1
"hsiR20",NA,"guide","ENST00000856456.1",NA,NA,633,"ncRNA","unknown",1
"hsiR20",NA,"guide","ENST00000961769.1",NA,NA,738,"ncRNA","unknown",1
"hsiR20",NA,"guide","ENST00000961770.1",NA,NA,868,"ncRNA","unknown",1
"hsiR20",NA,"guide","ENST00000961771.1",NA,NA,842,"ncRNA","unknown",1
"hsiR20",NA,"guide","ENST00000961772.1",NA,NA,868,"ncRNA","unknown",1
"hsiR20",NA,"guide","ENST00000961773.1",NA,NA,604,"ncRNA","unknown",1
"hsiR20",NA,"guide","ENST00000961774.1",NA,NA,846,"ncRNA","unknown",1
"hsiR20",NA,"guide","ENST00000961775.1",NA,NA,811,"ncRNA","unknown",1
"hsiR20",NA,"guide","ENST00000961777.1",NA,NA,832,"ncRNA","unknown",1
"hsiR20",NA,"guide","ENST00000961778.1",NA,NA,909,"ncRNA","unknown",1
"hsiR20",NA,"guide","ENST00000961779.1",NA,NA,731,"ncRNA","unknown",1
"hsiR20",NA,"guide","ENST00000961780.1",NA,NA,690,"ncRNA","unknown",1
"hsiR20",NA,"guide","ENST00000961781.1",NA,NA,922,"ncRNA","unknown",1
"hsiR20",NA,"guide","ENST00000961782.1",NA,NA,740,"ncRNA","unknown",1
"hsiR20",NA,"guide","ENST00000961783.1",NA,NA,755,"ncRNA","unknown",1
"hsiR20",NA,"guide","ENST00000961784.1",NA,NA,806,"ncRNA","unknown",1
"hsiR20",NA,"guide","ENST00000961785.1",NA,NA,803,"ncRNA","unknown",1
"hsiR20",NA,"guide","ENST00000961786.1",NA,NA,655,"ncRNA","unknown",1
"hsiR20",NA,"guide","ENST00000961787.1",NA,NA,653,"ncRNA","unknown",1
